Ticker,Date,fwd_1m_ret,pred_1m_ret,pred_rank,actual_rank
APP,2025-08-29,0.5013686036064273,0.15882194,1.0,2.0
ARM,2025-08-29,0.022991829947220044,0.06489818,2.0,41.0
CEG,2025-08-29,0.0684784726280927,0.05282588,3.0,28.0
ON,2025-08-29,-0.005646299657188991,0.051976256,4.0,52.0
MU,2025-08-29,0.40591895073146134,0.051495258,5.0,3.0
WBD,2025-08-29,0.6778350515463918,0.05103868,6.0,1.0
AXON,2025-08-29,-0.03967669847047328,0.05016572,7.0,73.0
CRWD,2025-08-29,0.1573755015341043,0.04936781,8.0,13.0
NXPI,2025-08-29,-0.025837361509175816,0.039354295,9.0,65.0
MCHP,2025-08-29,-0.01200000000000001,0.038348276,10.0,57.0
FTNT,2025-08-29,0.06741145106004831,0.03692615,11.0,29.0
CDW,2025-08-29,-0.03326050012138859,0.036774393,12.0,69.0
CHTR,2025-08-29,0.03588372618420066,0.0366983,13.0,37.0
ZS,2025-08-29,0.08160981772243292,0.03540036,14.0,23.0
KDP,2025-08-29,-0.11515782171349276,0.03336064,15.0,97.0
ADSK,2025-08-29,0.009437559580552923,0.030693116,16.0,46.0
INTU,2025-08-29,0.023851722791312424,0.03023681,17.0,40.0
ASML,2025-08-29,0.3036287602859842,0.030013464,18.0,8.0
VRTX,2025-08-29,0.0015855966446729486,0.029671518,19.0,48.0
AVGO,2025-08-29,0.11125707356507686,0.0295026,20.0,17.0
AMD,2025-08-29,-0.005165098690278591,0.029273305,21.0,50.0
BIIB,2025-08-29,0.059446377250037985,0.02923128,22.0,30.0
NFLX,2025-08-29,-0.007697401092534251,0.028859429,23.0,53.0
KLAC,2025-08-29,0.2369266055045871,0.028287759,24.0,10.0
META,2025-08-29,-0.0051747493904091835,0.027662283,25.0,51.0
IDXX,2025-08-29,-0.01267211670710422,0.027588159,26.0,59.0
GILD,2025-08-29,-0.010607005972011696,0.025314672,27.0,55.0
LRCX,2025-08-29,0.3396698349174587,0.024782114,28.0,5.0
VRSK,2025-08-29,-0.060337741911380194,0.024592133,29.0,85.0
NVDA,2025-08-29,0.07125222483780225,0.023898033,30.0,26.0
MSFT,2025-08-29,0.02222266079851587,0.0235627,31.0,42.0
TSLA,2025-08-29,0.3320154551172614,0.023236252,32.0,7.0
CTSH,2025-08-29,-0.07169550173010386,0.02304555,33.0,89.0
ADBE,2025-08-29,-0.011073731426969435,0.022918431,34.0,56.0
DXCM,2025-08-29,-0.10684895142022821,0.022469513,35.0,96.0
TRI,2025-08-29,-0.1254433871966668,0.022226257,36.0,99.0
GOOGL,2025-08-29,0.1428168484392629,0.022004453,37.0,14.0
BKNG,2025-08-29,-0.034021358170689964,0.021563854,38.0,70.0
MDLZ,2025-08-29,0.02493847415914674,0.020964691,39.0,39.0
FANG,2025-08-29,-0.03803979964803039,0.0208193,40.0,72.0
GOOG,2025-08-29,0.14160494984531735,0.020787923,41.0,15.0
ISRG,2025-08-29,-0.05508134375660256,0.020775897,42.0,83.0
CDNS,2025-08-29,0.002368518677053899,0.020579958,43.0,47.0
BKR,2025-08-29,0.07302500553219748,0.020274313,44.0,25.0
ROP,2025-08-29,-0.052489342265529926,0.02004741,45.0,81.0
TXN,2025-08-29,-0.09263042503363395,0.019729678,46.0,93.0
CSGP,2025-08-29,-0.05721309643535577,0.019687066,47.0,84.0
PAYX,2025-08-29,-0.09100781928757606,0.019407734,48.0,92.0
SNPS,2025-08-29,-0.1824794538706257,0.019117353,49.0,100.0
GEHC,2025-08-29,0.018588873812754203,0.018787306,50.0,43.0
QCOM,2025-08-29,0.04092103616568643,0.01862945,51.0,34.0
MELI,2025-08-29,-0.0549838045056229,0.01841705,52.0,82.0
TTWO,2025-08-29,0.1075577656792559,0.01833807,53.0,19.0
SBUX,2025-08-29,-0.04077204202832352,0.01817591,54.0,75.0
DASH,2025-08-29,0.10903160040774718,0.018063376,55.0,18.0
MAR,2025-08-29,-0.0277010378555963,0.017874388,56.0,66.0
ADI,2025-08-29,-0.01845637583892623,0.017823903,57.0,61.0
PYPL,2025-08-29,-0.04459324690126787,0.017548539,58.0,78.0
COST,2025-08-29,-0.018758160914659316,0.017333465,59.0,62.0
ODFL,2025-08-29,-0.06576415156944715,0.01728842,60.0,86.0
CTAS,2025-08-29,-0.0227175106190044,0.016445972,61.0,64.0
CCEP,2025-08-29,0.017491711443923696,0.01624115,62.0,44.0
REGN,2025-08-29,-0.03173755811951107,0.016232586,63.0,68.0
PCAR,2025-08-29,-0.016559614612605467,0.015962439,64.0,60.0
ROST,2025-08-29,0.03829120392450758,0.015180497,65.0,36.0
AMAT,2025-08-29,0.2735755162975866,0.014420566,66.0,9.0
PANW,2025-08-29,0.06875918538736081,0.0143899955,67.0,27.0
HON,2025-08-29,-0.04099197665937271,0.014227373,68.0,76.0
PDD,2025-08-29,0.09940109798702368,0.013814587,69.0,20.0
CSX,2025-08-29,0.09227929867732998,0.013620587,70.0,22.0
TMUS,2025-08-29,-0.05004166832017154,0.013115208,71.0,80.0
MSTR,2025-08-29,-0.036482162614754454,0.01284374,72.0,71.0
CMCSA,2025-08-29,-0.07497768521273429,0.012735836,73.0,90.0
AMGN,2025-08-29,-0.01915122866775565,0.011961641,74.0,63.0
CSCO,2025-08-29,-0.00975538730343628,0.011522924,75.0,54.0
CPRT,2025-08-29,-0.0786724031960665,0.011300333,76.0,91.0
ABNB,2025-08-29,-0.06979238489236195,0.011241885,77.0,88.0
ADP,2025-08-29,-0.02968791325046294,0.011122311,78.0,67.0
AMZN,2025-08-29,-0.04117903930131006,0.011112661,79.0,77.0
KHC,2025-08-29,-0.06900250268144437,0.011006762,80.0,87.0
AAPL,2025-08-29,0.09684373922042089,0.010908386,81.0,21.0
INTC,2025-08-29,0.3778234086242298,0.009686442,82.0,4.0
MNST,2025-08-29,0.07851305880467874,0.008974921,83.0,24.0
LULU,2025-08-29,-0.12002967359050432,0.008635798,84.0,98.0
EXC,2025-08-29,0.030484988452655903,0.008133073,85.0,38.0
WDAY,2025-08-29,0.04293388787800012,0.007460791,86.0,32.0
DDOG,2025-08-29,0.04184957565115588,0.007197138,87.0,33.0
FAST,2025-08-29,-0.012348178137651766,0.0061251004,88.0,58.0
XEL,2025-08-29,0.12278992064596972,0.0053415634,89.0,16.0
PEP,2025-08-29,-0.04598872359214734,0.0046252906,90.0,79.0
EA,2025-08-29,0.17301541145681876,0.003528636,91.0,11.0
ORLY,2025-08-29,0.03983410493827155,0.0028264122,92.0,35.0
AZN,2025-08-29,-0.039799749687108976,0.0020967987,93.0,74.0
PLTR,2025-08-29,0.16406100440303728,0.001972393,94.0,12.0
LIN,2025-08-29,-0.003712481909516119,0.00080380647,95.0,49.0
AEP,2025-08-29,0.01334543803903765,0.0007881862,96.0,45.0
TEAM,2025-08-29,-0.10169872876589048,-0.0017676963,97.0,94.0
SHOP,2025-08-29,0.05188278595696505,-0.003399108,98.0,31.0
TTD,2025-08-29,-0.10336626417855832,-0.0040170695,99.0,95.0
MRVL,2025-08-29,0.337100111411746,-0.086647004,100.0,6.0
